title,image_url,thumbnail_url,description,category,width,height,sort_order,active
Disappearing kid gif,,,Animated reaction GIF template,popular,360,360,10,true
talking to wall,,,Animated reaction GIF template,popular,,,20,true
Confused Monkey,,,Animated reaction GIF template,reaction,,,30,true
William Dafoe looking up,,,Animated reaction GIF template,reaction,,,40,true
Oprah You Get A Car,,,Animated reaction GIF template,popular,,,50,true
Homer disappears into bush,,,Animated reaction GIF template,reaction,,,60,true
Shrek running,,,Animated reaction GIF template,popular,,,70,true
Chef Skinner Reading a Letter,,,Animated reaction GIF template,reaction,,,80,true
Confused John Travolta Pulp Fiction,,,Animated reaction GIF template,reaction,,,90,true
Yelling Beaver,,,Animated reaction GIF template,reaction,,,100,true
Rage Table Smash,,,Animated reaction GIF template,reaction,,,110,true
Pedro Pascal crying,,,Animated reaction GIF template,reaction,,,120,true
Spongebob Rainbow,,,Animated reaction GIF template,popular,,,130,true
Suspicious guy,,,Animated reaction GIF template,reaction,,,140,true
Xbox Achievement,,,Animated reaction GIF template,popular,,,150,true
Crab Rave,,,Animated GIF meme template,popular,,,160,true
Vince McMahon Crying,,,Animated reaction GIF template,reaction,,,170,true
Guy in the suit,,,Animated reaction GIF template,popular,,,180,true
Black Guy Praying,,,Animated reaction GIF template,reaction,,,190,true
Walter White Cooking,,,Animated reaction GIF template,popular,,,200,true
Jarvis,,,Animated reaction GIF template,popular,,,210,true
Dancin bois,,,Animated GIF meme template,popular,,,220,true
Fast Guy Explaining,,,Animated reaction GIF template,reaction,,,230,true
Typing Kitty,,,Animated reaction GIF template,reaction,,,240,true
John Hamm Dancing,,,Animated GIF meme template,popular,,,250,true
Bateman Walking,,,Animated GIF meme template,popular,,,260,true
Dancing Monkeys,,,Animated GIF meme template,popular,,,270,true
John Cena Confuses,,,Animated reaction GIF template,reaction,,,280,true
Monkey Puppet,,,Animated reaction GIF template,reaction,,,290,true
SpongeBob Sad,,,Animated reaction GIF template,reaction,,,300,true
Neo Dodging Bullets,,,Animated reaction GIF template,popular,,,310,true
Rickroll,,,Animated GIF meme template,popular,,,320,true
Michael Jackson Popcorn,,,Animated reaction GIF template,reaction,,,330,true
Ah Shit Here We Go Again,,,Animated reaction GIF template,popular,,,340,true
Shaq Reaction,,,Animated reaction GIF template,reaction,,,350,true
